{
    "DeathParticles": {
        "Duration": 1.0420000553131104,
        "Speed": 3.5209999084472656
    }
}
