{
    "Enemy": {
        "ApproachVelocity": [
            0.0,
            0.0,
            -0.4000000059604645
        ],
        "LeaveVelocity": [
            -0.3499999940395355,
            0.3499999940395355,
            -0.10000000149011612
        ],
        "Speed": 0.25
    }
}
