{
    "Player": {
        "Acceleration": 0.009999999776482582,
        "AttackBlinkAfterDuration": 0.10000000149011612,
        "AttackBlinkAfterSize": [
            1.0,
            0.699999988079071,
            1.2999999523162842
        ],
        "AttackBlinkCoolTime": 0.20000000298023224,
        "AttackBlinkDashDuration": 0.10000000149011612,
        "AttackBlinkDashSize": [
            1.0,
            1.600000023841858,
            0.30000001192092896
        ],
        "AttackBlinkPrepDuration": 0.10000000149011612,
        "AttackBlinkSpeed": 0.75,
        "AttackMaxCount": 1,
        "Attenuation": 0.05000000074505806,
        "AttenuationLanding": 0.30000001192092896,
        "AttenuationWall": 0.5,
        "Blank": 0.009999999776482582,
        "GravityAcceleration": 0.02500000037252903,
        "GroundCheckEpsilon": 0.019999999552965164,
        "Height": 0.800000011920929,
        "InitSize": [
            1.0,
            1.0,
            1.0
        ],
        "JumpAcceleration": 0.5,
        "KnockbackDuration": 0.07999999821186066,
        "KnockbackSpeed": 0.375,
        "LimitFallSpeed": 0.30000001192092896,
        "LimitRunSpeed": 0.5,
        "StartPosition": [
            2.0,
            1.0,
            0.0
        ],
        "StartRotation": [
            0.0,
            1.5707963705062866,
            0.0
        ],
        "StartScale": [
            1.0,
            1.0,
            1.0
        ],
        "Test Float": 10.0,
        "Test Int": 14,
        "Test Vector3": [
            -10.0,
            0.0,
            5.0
        ],
        "TimeTurn": 0.30000001192092896,
        "Width": 0.800000011920929
    }
}
