{
    "Player": {
        "BulletSpeed": 2.0,
        "MoveLimitBlank": 3.0,
        "RotateSpeed": 0.019999999552965164,
        "Speed": 0.4000000059604645
    }
}
